speed_group,bay,length_m,diameter_m,warhead_kg,v_launch_mach,h_launch_km,notes
supersonic,轰-6机腹,10.50,1.100,200,0.85,13.0,空射机腹挂架
supersonic,轰-6机腹,10.50,1.100,1000,0.85,13.0,空射机腹挂架
supersonic,隐身超音速轰炸机弹仓,11.30,0.860,180,2.20,19.0,内埋弹仓
supersonic,隐身超音速轰炸机弹仓,11.30,0.860,500,2.20,19.0,内埋弹仓
supersonic,隐身亚音速轰炸机弹仓,6.35,0.840,150,0.85,15.0,内埋弹仓
supersonic,隐身亚音速轰炸机弹仓,6.35,0.840,500,0.85,15.0,内埋弹仓
supersonic,歼-36弹仓,6.35,0.460,300,2.20,19.0,内埋弹仓
supersonic,中型六代机弹仓,4.90,0.415,160,2.20,19.0,内埋弹仓
supersonic,普通战斗机弹仓,4.25,0.345,90,2.20,19.0,内埋弹仓
supersonic,1280垂发,11.50,1.200,500,0.00,0.0,舰载垂发
supersonic,850垂发,8.55,0.800,300,0.00,0.0,舰载垂发
supersonic,533mm鱼雷,6.35,0.510,160,0.00,0.0,鱼雷管冷发射
subsonic,歼-36弹仓,6.35,0.690,1000,0.85,15.0,内埋；弹翼折进弹体
subsonic,中型六代机弹仓,4.90,0.505,500,0.85,15.0,内埋；弹翼折进弹体
subsonic,中型六代机弹仓,4.90,0.480,500,0.85,15.0,内埋；弹翼折进弹体
subsonic,普通战斗机弹仓,4.25,0.440,120,0.85,15.0,内埋；弹翼折进弹体
subsonic,1280垂发,11.50,1.200,500,0.00,0.0,舰载垂发；弹翼折进弹体
subsonic,850垂发,8.55,0.800,300,0.00,0.0,舰载垂发；弹翼折进弹体
subsonic,533mm鱼雷,6.35,0.510,160,0.00,0.0,鱼雷管冷发射；弹翼折进弹体
