aircraft_id,station_id,station_name,category,weapon_id,weapon_name,notes
Gripen-CD,1,翼尖挂架,ir_aam,aim9lm,AIM-9L/M 响尾蛇 (Sidewinder),
Gripen-CD,1,翼尖挂架,ir_aam,iris_t,IRIS-T,
Gripen-CD,1,翼尖挂架,ir_aam,a_darter,A-Darter,南非空军
Gripen-CD,1,翼尖挂架,training,aacmi,AACMI 训练吊舱,
Gripen-CD,2,外侧翼下挂架,ir_aam,iris_t,IRIS-T,
Gripen-CD,2,外侧翼下挂架,ir_aam,aim9lm,AIM-9L/M 响尾蛇 (Sidewinder),
Gripen-CD,2,外侧翼下挂架,ir_aam,a_darter,A-Darter,
Gripen-CD,2,外侧翼下挂架,radar_aam,aim120,AIM-120 AMRAAM (C-5/C-7),
Gripen-CD,2,外侧翼下挂架,radar_aam,meteor,流星 (Meteor),
Gripen-CD,2,外侧翼下挂架,radar_aam,skyflash,天闪 (Skyflash / Rb 71),
Gripen-CD,2,外侧翼下挂架,agm,agm65,AGM-65 幼畜 (Maverick / Rb 75),
Gripen-CD,2,外侧翼下挂架,pgbb,gbu12,GBU-12 宝石路 II (Paveway II),
Gripen-CD,2,外侧翼下挂架,pgbb,gbu49,GBU-49 小直径炸弹 (SDB),
Gripen-CD,2,外侧翼下挂架,pgbb,gbu39,GBU-39 小直径炸弹 (SDB),
Gripen-CD,2,外侧翼下挂架,dumb_bomb,mk82,Mk 82 通用炸弹,
Gripen-CD,2,外侧翼下挂架,dumb_bomb,mk83,Mk 83 通用炸弹,
Gripen-CD,2,外侧翼下挂架,dumb_bomb,bk90,Bk 90 蜘蛛集束炸弹 (Rb 90),
Gripen-CD,2,外侧翼下挂架,ew,bo20,BO20 自卫电子干扰吊舱,
Gripen-CD,2,外侧翼下挂架,ew,estl,ESTL 拖曳诱饵吊舱,
Gripen-CD,3,内侧翼下重载挂架,ir_aam,iris_t,IRIS-T,
Gripen-CD,3,内侧翼下重载挂架,ir_aam,aim9lm,AIM-9L/M 响尾蛇 (Sidewinder),
Gripen-CD,3,内侧翼下重载挂架,radar_aam,aim120,AIM-120 AMRAAM,
Gripen-CD,3,内侧翼下重载挂架,radar_aam,meteor,流星 (Meteor),
Gripen-CD,3,内侧翼下重载挂架,agm,agm65,AGM-65 幼畜 (Maverick / Rb 75),
Gripen-CD,3,内侧翼下重载挂架,pgbb,gbu10,GBU-10 宝石路,
Gripen-CD,3,内侧翼下重载挂架,pgbb,gbu12,GBU-12 宝石路,
Gripen-CD,3,内侧翼下重载挂架,pgbb,gbu16,GBU-16 宝石路,
Gripen-CD,3,内侧翼下重载挂架,pgbb,gbu31,GBU-31 JDAM,
Gripen-CD,3,内侧翼下重载挂架,pgbb,gbu32,GBU-32 JDAM,
Gripen-CD,3,内侧翼下重载挂架,anti_ship,rbs15,RBS-15F / RBS-15 Mk3 反舰导弹,
Gripen-CD,3,内侧翼下重载挂架,dumb_bomb,mk82,Mk 82 通用炸弹,
Gripen-CD,3,内侧翼下重载挂架,dumb_bomb,mk83,Mk 83 通用炸弹,
Gripen-CD,3,内侧翼下重载挂架,dumb_bomb,mk84,Mk 84 重型通用炸弹,
Gripen-CD,3,内侧翼下重载挂架,standoff,taurus350,TAURUS KEPD 350 金牛座巡航导弹,
Gripen-CD,3,内侧翼下重载挂架,standoff,bk90,Bk 90 (MJ1/MJ2),
Gripen-CD,3,内侧翼下重载挂架,fuel_tank,ft1100,1100 升 (290 加仑) 翼下副油箱,
Gripen-CD,4,机腹右侧偏置挂点,ew,erielectron,Erielectron / Saab 自卫干扰吊舱,
Gripen-CD,4,机腹右侧偏置挂点,recon,vicon,Vinten Vicon 航空侦察吊舱,
Gripen-CD,4,机腹右侧偏置挂点,recon,spk39,SPK 39 航空侦察吊舱,
Gripen-CD,4,机腹右侧偏置挂点,targeting,litening,AN/AAQ-28 蓝盾 (Litening III / Litening 4),
Gripen-CD,5,机腹中心挂架,pgbb,gbu12,GBU-12 宝石路 II,
Gripen-CD,5,机腹中心挂架,pgbb,gbu39,GBU-39 SDB,通过多联挂架
Gripen-CD,5,机腹中心挂架,dumb_bomb,mk82,Mk 82 通用炸弹,
Gripen-CD,5,机腹中心挂架,recon,mrp,Modular Reconnaissance Pod (MRP),
Gripen-CD,5,机腹中心挂架,recon,spk39,SPK 39,
Gripen-CD,5,机腹中心挂架,fuel_tank,ft1100,1100 升 (290 加仑) 机腹副油箱,
Gripen-CD,G,固定机炮 (G),gun,bk27,毛瑟 BK-27 型 27 mm 转轮式机炮,配用 27×145 mm 弹药
