aircraft_id,station_id,store_id,max_count
FA-50,tip_l,aim9,1
FA-50,tip_l,aim9x,1
FA-50,tip_r,aim9,1
FA-50,tip_r,aim9x,1
FA-50,out_l,maverick,1
FA-50,out_l,mk82,1
FA-50,out_l,cbu58,1
FA-50,out_l,mk20,1
FA-50,out_l,lau3,1
FA-50,out_l,aim120,1
FA-50,out_l,aim9x,1
FA-50,out_l,gbu12,1
FA-50,out_l,gbu38,1
FA-50,out_r,maverick,1
FA-50,out_r,mk82,1
FA-50,out_r,cbu58,1
FA-50,out_r,mk20,1
FA-50,out_r,lau3,1
FA-50,out_r,aim120,1
FA-50,out_r,aim9x,1
FA-50,out_r,gbu12,1
FA-50,out_r,gbu38,1
FA-50,in_l,tank150,1
FA-50,in_l,maverick,2
FA-50,in_l,mk82,3
FA-50,in_l,cbu58,1
FA-50,in_l,mk20,3
FA-50,in_l,agts36,1
FA-50,in_l,lau3,2
FA-50,in_l,aim120,1
FA-50,in_l,aim9x,1
FA-50,in_l,gbu12,1
FA-50,in_l,gbu38,1
FA-50,in_r,tank150,1
FA-50,in_r,maverick,2
FA-50,in_r,mk82,3
FA-50,in_r,cbu58,1
FA-50,in_r,mk20,3
FA-50,in_r,agts36,1
FA-50,in_r,lau3,2
FA-50,in_r,aim120,1
FA-50,in_r,aim9x,1
FA-50,in_r,gbu12,1
FA-50,in_r,gbu38,1
FA-50,center,tank150,1
FA-50,center,mk82,1
FA-50,center,mk20,1
FA-50,center,sniper,1
