aircraft_id,station_id,category,category_zh,store_id,store_name
J-15,1,air_to_air,空空导弹,pl8,PL-8 红外格斗弹
J-15,2,air_to_air,空空导弹,pl8,PL-8 红外格斗弹
J-15,3,air_to_air,空空导弹,pl12,PL-12 雷达空空导弹
J-15,3,air_to_sea,反舰导弹,yj83k,鹰击-83K 反舰导弹
J-15,3,air_to_sea,反舰导弹,yj91,鹰击-91 反辐射/反舰导弹
J-15,3,air_to_ground,空地导弹,kd88,KD-88 空地导弹
J-15,3,bombs_guided,精确制导炸弹,gb_500_x2,2×500kg 制导炸弹
J-15,3,bombs_guided,精确制导炸弹,gb_250_x4,4×250kg 制导炸弹
J-15,3,bombs_guided,精确制导炸弹,gb_100_x6,6×100kg 制导炸弹
J-15,4,air_to_air,空空导弹,pl12,PL-12 雷达空空导弹
J-15,4,air_to_sea,反舰导弹,yj62,鹰击-62 反舰导弹
J-15,4,air_to_sea,反舰导弹,yj83k,鹰击-83K 反舰导弹
J-15,4,air_to_sea,反舰导弹,yj91,鹰击-91 反辐射/反舰导弹
J-15,4,air_to_ground,空地导弹,kd88,KD-88 空地导弹
J-15,4,bombs_guided,精确制导炸弹,gb_1500,1×1500kg 制导炸弹
J-15,4,bombs_guided,精确制导炸弹,gb_500,1×500kg 制导炸弹
J-15,5,air_to_air,空空导弹,pl12,PL-12 雷达空空导弹
J-15,5,air_to_sea,反舰导弹,yj83k,鹰击-83K 反舰导弹
J-15,5,air_to_sea,反舰导弹,yj91,鹰击-91 反辐射/反舰导弹
J-15,5,air_to_ground,空地导弹,kd88,KD-88 空地导弹
J-15,5,bombs_guided,精确制导炸弹,gb_500,1×500kg 制导炸弹
J-15,5,bombs_guided,精确制导炸弹,gb_250_x5,5×250kg 制导炸弹
J-15,5,bombs_guided,精确制导炸弹,gb_100_x5,5×100kg 制导炸弹
J-15,5,pods_fuel,吊舱与副油箱,kd88_pod,KD-88 捕获指令吊舱（240kg）
J-15,6,air_to_air,空空导弹,pl12,PL-12 雷达空空导弹
J-15,7,air_to_air,空空导弹,pl12,PL-12 雷达空空导弹
J-15,8,air_to_air,空空导弹,pl12,PL-12 雷达空空导弹
J-15,8,air_to_sea,反舰导弹,yj83k,鹰击-83K 反舰导弹
J-15,8,air_to_sea,反舰导弹,yj91,鹰击-91 反辐射/反舰导弹
J-15,8,air_to_ground,空地导弹,kd88,KD-88 空地导弹
J-15,8,bombs_guided,精确制导炸弹,gb_500,1×500kg 制导炸弹
J-15,8,bombs_guided,精确制导炸弹,gb_250_x5,5×250kg 制导炸弹
J-15,8,bombs_guided,精确制导炸弹,gb_100_x5,5×100kg 制导炸弹
J-15,8,pods_fuel,吊舱与副油箱,kd88_pod,KD-88 捕获指令吊舱（240kg）
J-15,9,air_to_air,空空导弹,pl12,PL-12 雷达空空导弹
J-15,9,air_to_sea,反舰导弹,yj62,鹰击-62 反舰导弹
J-15,9,air_to_sea,反舰导弹,yj83k,鹰击-83K 反舰导弹
J-15,9,air_to_sea,反舰导弹,yj91,鹰击-91 反辐射/反舰导弹
J-15,9,air_to_ground,空地导弹,kd88,KD-88 空地导弹
J-15,9,bombs_guided,精确制导炸弹,gb_1500,1×1500kg 制导炸弹
J-15,9,bombs_guided,精确制导炸弹,gb_500,1×500kg 制导炸弹
J-15,10,air_to_air,空空导弹,pl12,PL-12 雷达空空导弹
J-15,10,air_to_sea,反舰导弹,yj83k,鹰击-83K 反舰导弹
J-15,10,air_to_sea,反舰导弹,yj91,鹰击-91 反辐射/反舰导弹
J-15,10,air_to_ground,空地导弹,kd88,KD-88 空地导弹
J-15,10,bombs_guided,精确制导炸弹,gb_500_x2,2×500kg 制导炸弹
J-15,10,bombs_guided,精确制导炸弹,gb_250_x4,4×250kg 制导炸弹
J-15,10,bombs_guided,精确制导炸弹,gb_100_x6,6×100kg 制导炸弹
J-15,11,air_to_air,空空导弹,pl8,PL-8 红外格斗弹
J-15,12,air_to_air,空空导弹,pl8,PL-8 红外格斗弹
J-15T,1,air_to_air,空空导弹,pl10,PL-10 红外格斗弹
J-15T,1,air_to_air,空空导弹,pl8,PL-8 红外格斗弹
J-15T,2,air_to_air,空空导弹,pl10,PL-10 红外格斗弹
J-15T,2,air_to_air,空空导弹,pl8,PL-8 红外格斗弹
J-15T,3,air_to_air,空空导弹,pl15,PL-15 雷达空空导弹
J-15T,3,air_to_air,空空导弹,pl12,PL-12 雷达空空导弹
J-15T,3,air_to_sea,反舰导弹,yj83k,鹰击-83K 反舰导弹
J-15T,3,air_to_sea,反舰导弹,yj91,鹰击-91 反辐射/反舰导弹
J-15T,3,air_to_ground,空地导弹,kd88,KD-88 空地导弹
J-15T,3,bombs_guided,精确制导炸弹,gb_500_x2,2×500kg 制导炸弹
J-15T,3,bombs_guided,精确制导炸弹,gb_250_x4,4×250kg 制导炸弹
J-15T,3,bombs_guided,精确制导炸弹,gb_100_x6,6×100kg 制导炸弹
J-15T,4,air_to_air,空空导弹,pl15,PL-15 雷达空空导弹
J-15T,4,air_to_air,空空导弹,pl12,PL-12 雷达空空导弹
J-15T,4,air_to_sea,反舰导弹,yj15,鹰击-15 反舰导弹
J-15T,4,air_to_sea,反舰导弹,yj62,鹰击-62 反舰导弹
J-15T,4,air_to_sea,反舰导弹,yj83k,鹰击-83K 反舰导弹
J-15T,4,air_to_sea,反舰导弹,yj91,鹰击-91 反辐射/反舰导弹
J-15T,4,air_to_ground,空地导弹,kd88,KD-88 空地导弹
J-15T,4,bombs_guided,精确制导炸弹,gb_1500,1×1500kg 制导炸弹
J-15T,4,bombs_guided,精确制导炸弹,gb_500,1×500kg 制导炸弹
J-15T,5,air_to_air,空空导弹,pl15,PL-15 雷达空空导弹
J-15T,5,air_to_air,空空导弹,pl12,PL-12 雷达空空导弹
J-15T,5,air_to_sea,反舰导弹,yj83k,鹰击-83K 反舰导弹
J-15T,5,air_to_sea,反舰导弹,yj91,鹰击-91 反辐射/反舰导弹
J-15T,5,air_to_ground,空地导弹,kd88,KD-88 空地导弹
J-15T,5,bombs_guided,精确制导炸弹,gb_500,1×500kg 制导炸弹
J-15T,5,bombs_guided,精确制导炸弹,gb_250_x5,5×250kg 制导炸弹
J-15T,5,bombs_guided,精确制导炸弹,gb_100_x5,5×100kg 制导炸弹
J-15T,5,pods_fuel,吊舱与副油箱,kd88_pod,KD-88 捕获指令吊舱（240kg）
J-15T,6,air_to_air,空空导弹,pl15,PL-15 雷达空空导弹
J-15T,6,air_to_air,空空导弹,pl12,PL-12 雷达空空导弹
J-15T,7,air_to_air,空空导弹,pl15,PL-15 雷达空空导弹
J-15T,7,air_to_air,空空导弹,pl12,PL-12 雷达空空导弹
J-15T,8,air_to_air,空空导弹,pl15,PL-15 雷达空空导弹
J-15T,8,air_to_air,空空导弹,pl12,PL-12 雷达空空导弹
J-15T,8,air_to_sea,反舰导弹,yj83k,鹰击-83K 反舰导弹
J-15T,8,air_to_sea,反舰导弹,yj91,鹰击-91 反辐射/反舰导弹
J-15T,8,air_to_ground,空地导弹,kd88,KD-88 空地导弹
J-15T,8,bombs_guided,精确制导炸弹,gb_500,1×500kg 制导炸弹
J-15T,8,bombs_guided,精确制导炸弹,gb_250_x5,5×250kg 制导炸弹
J-15T,8,bombs_guided,精确制导炸弹,gb_100_x5,5×100kg 制导炸弹
J-15T,8,pods_fuel,吊舱与副油箱,kd88_pod,KD-88 捕获指令吊舱（240kg）
J-15T,9,air_to_air,空空导弹,pl15,PL-15 雷达空空导弹
J-15T,9,air_to_air,空空导弹,pl12,PL-12 雷达空空导弹
J-15T,9,air_to_sea,反舰导弹,yj15,鹰击-15 反舰导弹
J-15T,9,air_to_sea,反舰导弹,yj62,鹰击-62 反舰导弹
J-15T,9,air_to_sea,反舰导弹,yj83k,鹰击-83K 反舰导弹
J-15T,9,air_to_sea,反舰导弹,yj91,鹰击-91 反辐射/反舰导弹
J-15T,9,air_to_ground,空地导弹,kd88,KD-88 空地导弹
J-15T,9,bombs_guided,精确制导炸弹,gb_1500,1×1500kg 制导炸弹
J-15T,9,bombs_guided,精确制导炸弹,gb_500,1×500kg 制导炸弹
J-15T,10,air_to_air,空空导弹,pl15,PL-15 雷达空空导弹
J-15T,10,air_to_air,空空导弹,pl12,PL-12 雷达空空导弹
J-15T,10,air_to_sea,反舰导弹,yj83k,鹰击-83K 反舰导弹
J-15T,10,air_to_sea,反舰导弹,yj91,鹰击-91 反辐射/反舰导弹
J-15T,10,air_to_ground,空地导弹,kd88,KD-88 空地导弹
J-15T,10,bombs_guided,精确制导炸弹,gb_500_x2,2×500kg 制导炸弹
J-15T,10,bombs_guided,精确制导炸弹,gb_250_x4,4×250kg 制导炸弹
J-15T,10,bombs_guided,精确制导炸弹,gb_100_x6,6×100kg 制导炸弹
J-15T,11,air_to_air,空空导弹,pl10,PL-10 红外格斗弹
J-15T,11,air_to_air,空空导弹,pl8,PL-8 红外格斗弹
J-15T,12,air_to_air,空空导弹,pl10,PL-10 红外格斗弹
J-15T,12,air_to_air,空空导弹,pl8,PL-8 红外格斗弹
