speed_group,bay,length_m,diameter_m,warhead_kg,v_launch_mach,h_launch_km,notes,missile_class
supersonic,超音速隐身轰炸机·轰6发射,11.30,0.860,150,0.85,13.0,沿用隐身超音速轰炸机弹仓导弹，结构不变；发射条件改为轰-6,
supersonic,超音速隐身轰炸机·轰6发射,11.30,0.860,500,0.85,13.0,沿用隐身超音速轰炸机弹仓导弹，结构不变；发射条件改为轰-6,
supersonic,隐身超音速轰炸机弹仓,11.30,0.860,150,1.75,18.0,内埋弹仓,
supersonic,隐身超音速轰炸机弹仓,11.30,0.860,500,1.75,18.0,内埋弹仓,
supersonic,隐身亚音速轰炸机弹仓,6.35,0.840,150,0.85,15.0,内埋弹仓,
supersonic,隐身亚音速轰炸机弹仓,6.35,0.840,500,0.85,15.0,内埋弹仓,
supersonic,歼-36弹仓,6.35,0.590,600,2.15,20.0,内埋弹仓,
supersonic,歼-36弹仓,6.35,0.590,600,2.15,20.0,内埋弹仓；双锥体；保留共用 600 kg，另加 300 kg,hgv_biconic
supersonic,歼-36弹仓,6.35,0.590,300,2.15,20.0,内埋弹仓；双锥体；战斗部 300 kg,hgv_biconic
supersonic,歼-36弹仓,6.35,0.590,600,2.15,20.0,内埋弹仓；乘波体；去掉 250 kg，保留 600 kg 并加 300 kg,hgv_waverider
supersonic,歼-36弹仓,6.35,0.590,300,2.15,20.0,内埋弹仓；乘波体；战斗部 300 kg,hgv_waverider
supersonic,歼-36弹仓,6.35,0.590,600,2.15,20.0,内埋弹仓；超燃冲压；保留共用 600 kg，另加 300 kg,scramjet
supersonic,歼-36弹仓,6.35,0.590,300,2.15,20.0,内埋弹仓；超燃冲压；战斗部 300 kg,scramjet
supersonic,中型六代机弹仓,4.90,0.415,160,1.75,18.0,内埋弹仓,
supersonic,普通战斗机弹仓,4.25,0.345,90,2.20,19.0,内埋弹仓,
supersonic,1280垂发,11.50,1.200,500,0.00,0.0,舰载垂发,
supersonic,850垂发,8.55,0.800,300,0.00,0.0,舰载垂发,
supersonic,533mm鱼雷,6.35,0.510,160,0.00,0.0,鱼雷管冷发射,
supersonic,533mm鱼雷,6.35,0.510,160,0.00,0.0,鱼雷管冷发射；普通弹道；保留共用 160 kg,ballistic
supersonic,533mm鱼雷,6.35,0.510,300,0.00,0.0,鱼雷管冷发射；普通弹道；战斗部 300 kg,ballistic
supersonic,轰-6机腹最大,12.00,1.0818,150,0.85,13.0,轰-6机腹最大；双锥体助推滑翔；战斗部 150 kg；弹长不超过 12 m、起飞质量不超过 10 t；弹长 12.00 m、弹径 1.0818 m、质量 8.93 t、三级 70/22/8、射程 6736.4 km,hgv_biconic
supersonic,轰-6机腹最大,12.00,1.1302,600,0.85,13.0,轰-6机腹最大；双锥体助推滑翔；战斗部 600 kg；弹长不超过 12 m、起飞质量不超过 10 t；弹长 12.00 m、弹径 1.1302 m、质量 8.52 t、两级 78/22、射程 3342.2 km,hgv_biconic
supersonic,轰-6机腹最大,12.00,1.0959,150,0.85,13.0,轰-6机腹最大；乘波体助推滑翔；战斗部 150 kg；弹长不超过 12 m、起飞质量不超过 10 t；弹长 12.00 m、弹径 1.0959 m、质量 10.00 t、三级 70/22/8、射程 10222.7 km,hgv_waverider
supersonic,轰-6机腹最大,12.00,1.1059,600,0.85,13.0,轰-6机腹最大；乘波体助推滑翔；战斗部 600 kg；弹长不超过 12 m、起飞质量不超过 10 t；弹长 12.00 m、弹径 1.1059 m、质量 8.19 t、两级 78/22、射程 4899.9 km,hgv_waverider
supersonic,轰-6机腹最大,11.98,1.1040,150,0.85,13.0,轰-6机腹最大；超燃冲压导弹；双模态；战斗部 150 kg；弹长不超过 12 m、起飞质量不超过 10 t；弹长 11.98 m、弹径 1.1040 m、质量 9.55 t、射程 3079.0 km,scramjet
supersonic,轰-6机腹最大,10.95,1.1380,600,0.85,13.0,轰-6机腹最大；超燃冲压导弹；双模态；战斗部 600 kg；弹长不超过 12 m、起飞质量不超过 10 t；弹长 10.95 m、弹径 1.1380 m、质量 9.55 t、射程 2523.6 km,scramjet
supersonic,轰-6机腹最大,12.00,1.1360,150,0.85,13.0,轰-6机腹最大；亚燃冲压导弹；战斗部 150 kg；弹长不超过 12 m、起飞质量不超过 10 t；弹长 12.00 m、弹径 1.1360 m、质量 10.00 t、射程 2752.6 km,ramjet
supersonic,轰-6机腹最大,12.00,1.1100,600,0.85,13.0,轰-6机腹最大；亚燃冲压导弹；战斗部 600 kg；弹长不超过 12 m、起飞质量不超过 10 t；弹长 12.00 m、弹径 1.1100 m、质量 9.99 t、射程 2417.4 km,ramjet
supersonic,轰-6机腹最大,11.99,1.0474,150,0.85,13.0,轰-6机腹最大；普通弹道导弹；战斗部 150 kg；弹长不超过 12 m、起飞质量不超过 10 t；弹长 11.99 m、弹径 1.0474 m、质量 10.00 t、三级 74/18/8、射程 3874.8 km,ballistic
supersonic,轰-6机腹最大,11.94,1.0469,600,0.85,13.0,轰-6机腹最大；普通弹道导弹；战斗部 600 kg；弹长不超过 12 m、起飞质量不超过 10 t；弹长 11.94 m、弹径 1.0469 m、质量 10.00 t、两级 82/18、射程 2000.3 km,ballistic
supersonic,歼-15机腹,8.50,0.6085,300,1.50,14.0,歼-15 机腹；双锥体；弹长 8.5 m、弹径不超过 0.70 m，弹径收到 0.6085 m 使质量为 2500 kg、两级 70/30、射程 1930.1 km,hgv_biconic
supersonic,歼-15机腹,8.50,0.6603,300,1.50,14.0,歼-15 机腹；乘波体；弹长 8.5 m、弹径不超过 0.70 m，弹径收到 0.6603 m 使质量为 2500 kg、两级 70/30、射程 3290.0 km,hgv_waverider
supersonic,歼-15机腹,8.50,0.6096,300,1.50,14.0,歼-15 机腹；超燃冲压；双模态单燃烧室，燃烧室不铸药；弹长 8.5 m，弹径收到 0.6096 m 使质量为 2500 kg，射程 1487 km,scramjet
supersonic,歼-15机腹,8.50,0.5997,300,1.50,14.0,歼-15 机腹；亚燃冲压；弹长 8.5 m、弹径收到 0.5997 m 使质量为 2500 kg，射程 1701.7 km,ramjet
supersonic,歼-15机腹,8.50,0.6307,300,1.50,14.0,歼-15 机腹；普通弹道；弹长 8.5 m、弹径收到 0.6307 m 使质量为 2500 kg、两级 72/28、射程 1481.8 km,ballistic
supersonic,歼-15机腹·轰-6发射,8.50,0.6085,300,0.85,13.0,沿用歼-15机腹双锥体，结构不变；发射条件改为轰-6 Ma 0.85 @ 13 km，射程 1659.7 km,hgv_biconic
supersonic,歼-15机腹·轰-6发射,8.50,0.6603,300,0.85,13.0,沿用歼-15机腹乘波体，结构不变；发射条件改为轰-6 Ma 0.85 @ 13 km，射程 2816.3 km,hgv_waverider
supersonic,歼-15机腹·轰-6发射,8.50,0.6096,300,0.85,13.0,沿用歼-15机腹超燃冲压，结构不变；发射条件改为轰-6 Ma 0.85 @ 13 km，射程 1192.9 km,scramjet
supersonic,歼-15机腹·轰-6发射,8.50,0.5997,300,0.85,13.0,沿用歼-15机腹亚燃冲压，结构不变；发射条件改为轰-6 Ma 0.85 @ 13 km，射程 1509.9 km,ramjet
supersonic,歼-15机腹·轰-6发射,8.50,0.6307,300,0.85,13.0,沿用歼-15机腹普通弹道，结构不变；发射条件改为轰-6 Ma 0.85 @ 13 km，射程 1279.3 km,ballistic
supersonic,歼-15翼下,6.50,0.5638,300,1.50,14.0,歼-15 翼下；双锥体；弹长不超过 6.5 m、弹径不超过 0.70 m、质量 1500 kg、两级 62/38、射程 959.0 km,hgv_biconic
supersonic,歼-15翼下,6.50,0.5915,300,1.50,14.0,歼-15 翼下；乘波体；弹长不超过 6.5 m、弹径不超过 0.70 m、质量 1500 kg、两级 62/38、射程 1527.3 km,hgv_waverider
supersonic,歼-15翼下,4.13,0.6791,300,1.50,14.0,歼-15 翼下；超燃冲压；双模态单燃烧室，燃烧室不铸药；弹长不超过 6.5 m、弹径不超过 0.70 m、质量 1500 kg、射程 606.1 km,scramjet
supersonic,歼-15翼下,5.46,0.5006,500,1.50,14.0,歼-15 翼下；亚燃冲压；战斗部 500 kg；弹长不超过 6.5 m、弹径不超过 0.70 m、质量 1500 kg 射程 534 km,ramjet
supersonic,歼-15翼下,6.50,0.5480,500,1.50,14.0,歼-15 翼下；普通弹道；战斗部 500 kg；弹长不超过 6.5 m、弹径不超过 0.70 m、质量 1500 kg 射程 586 km,ballistic
supersonic,歼-15翼下·轰-6发射,6.50,0.5638,300,0.85,13.0,沿用歼-15翼下双锥体，结构不变；发射条件改为轰-6 Ma 0.85 @ 13 km，射程 772.2 km,hgv_biconic
supersonic,歼-15翼下·轰-6发射,6.50,0.5915,300,0.85,13.0,沿用歼-15翼下乘波体，结构不变；发射条件改为轰-6 Ma 0.85 @ 13 km，射程 1217.5 km,hgv_waverider
supersonic,歼-15翼下·轰-6发射,4.13,0.6791,300,0.85,13.0,沿用歼-15翼下超燃冲压，结构不变；发射条件改为轰-6 Ma 0.85 @ 13 km，射程 403.8 km,scramjet
supersonic,歼-15翼下·轰-6发射,5.46,0.5006,500,0.85,13.0,沿用歼-15翼下亚燃冲压，结构不变；发射条件改为轰-6 Ma 0.85 @ 13 km，射程 358.8 km,ramjet
supersonic,歼-15翼下·轰-6发射,6.50,0.5480,500,0.85,13.0,沿用歼-15翼下普通弹道，结构不变；发射条件改为轰-6 Ma 0.85 @ 13 km，射程 435.9 km,ballistic
supersonic,750战术导弹,7.80,0.750,500,0.00,0.0,750战术导弹；亚燃冲压；战斗部 500 kg；地面发射 Ma 0 @ 0 km,ramjet
supersonic,750战术导弹,7.80,0.750,150,0.00,0.0,750战术导弹；普通弹道；战斗部 150 kg；地面发射 Ma 0 @ 0 km,ballistic
supersonic,750战术导弹,7.80,0.750,300,0.00,0.0,750战术导弹；普通弹道；战斗部 300 kg；地面发射 Ma 0 @ 0 km,ballistic
supersonic,370远火,7.80,0.370,90,0.00,0.0,370远火；普通弹道；战斗部 90 kg；地面发射 Ma 0 @ 0 km,ballistic
supersonic,370远火,7.80,0.370,160,0.00,0.0,370远火；普通弹道；战斗部 160 kg；地面发射 Ma 0 @ 0 km,ballistic
supersonic,370远火,7.80,0.370,300,0.00,0.0,370远火；普通弹道；战斗部 300 kg；地面发射 Ma 0 @ 0 km,ballistic
supersonic,300远火,7.30,0.300,300,0.00,0.0,300远火；普通弹道；战斗部 300 kg；地面发射 Ma 0 @ 0 km,ballistic
supersonic,海马斯火箭弹,3.96,0.227,90,0.00,0.0,海马斯火箭弹；普通弹道；战斗部 90 kg；地面发射 Ma 0 @ 0 km,ballistic
supersonic,PrSM,4.00,0.430,90,0.00,0.0,PrSM；普通弹道；战斗部 90 kg；地面发射 Ma 0 @ 0 km,ballistic
supersonic,ATACMS,4.70,0.470,90,0.00,0.0,ATACMS；普通弹道；战斗部 90 kg；地面发射 Ma 0 @ 0 km,ballistic
subsonic,歼-36弹仓,6.35,0.690,1000,2.15,20.0,内埋；弹翼折进弹体,
subsonic,中型六代机弹仓,4.90,0.505,300,1.75,18.0,内埋；弹翼折进弹体,
subsonic,中型六代机弹仓,4.90,0.480,500,1.75,18.0,内埋；弹翼折进弹体,
subsonic,普通战斗机弹仓,4.25,0.440,120,0.85,15.0,内埋；弹翼折进弹体,
subsonic,1280垂发,11.50,1.200,500,0.00,0.0,舰载垂发；弹翼折进弹体,
subsonic,850垂发,8.55,0.800,300,0.00,0.0,舰载垂发；弹翼折进弹体,
subsonic,533mm鱼雷,6.35,0.510,160,0.00,0.0,鱼雷管冷发射；弹翼折进弹体,
subsonic,533mm鱼雷,6.35,0.510,300,0.00,0.0,鱼雷管冷发射；亚音速；战斗部 300 kg；弹翼折进弹体,
subsonic,533mm鱼雷,6.35,0.510,600,0.00,0.0,鱼雷管冷发射；亚音速；战斗部 600 kg；弹翼折进弹体,
subsonic,歼-15机腹,8.50,0.7000,300,1.50,14.0,歼-15 机腹；涡扇隐身；质量上限 2220 kg 未达 2500 kg，取最大可用尺寸,turbofan_stealth
subsonic,歼-15机腹,8.50,0.7000,300,1.50,14.0,歼-15 机腹；涡喷亚音速；质量上限 2060 kg 未达 2500 kg，取最大可用尺寸,turbojet_subsonic
subsonic,歼-15机腹,8.50,0.6587,300,1.50,14.0,歼-15 机腹；亚超结合；弹长 8.5 m、弹径收到 0.6587 m 使质量为 2500 kg，射程 1234.7 km,turbofan_rocket
subsonic,歼-15机腹·轰-6发射,8.50,0.7000,300,0.85,13.0,沿用歼-15机腹涡扇隐身，结构不变；发射条件改为轰-6 Ma 0.85 @ 13 km，射程 3004.8 km,turbofan_stealth
subsonic,歼-15机腹·轰-6发射,8.50,0.7000,300,0.85,13.0,沿用歼-15机腹涡喷亚音速，结构不变；发射条件改为轰-6 Ma 0.85 @ 13 km，射程 2220.7 km,turbojet_subsonic
subsonic,歼-15机腹·轰-6发射,8.50,0.6587,300,0.85,13.0,沿用歼-15机腹亚超结合，结构不变；发射条件改为轰-6 Ma 0.85 @ 13 km，射程 1234.7 km,turbofan_rocket
subsonic,歼-15翼下,6.50,0.5727,500,1.50,14.0,歼-15 翼下；涡扇隐身；战斗部 500 kg；弹长不超过 6.5 m、弹径不超过 0.70 m、质量 1500 kg 射程 1307 km,turbofan_stealth
subsonic,歼-15翼下,6.50,0.6244,500,1.50,14.0,歼-15 翼下；涡喷亚音速；战斗部 500 kg；弹长不超过 6.5 m、弹径不超过 0.70 m、质量 1500 kg 射程 1328 km,turbojet_subsonic
subsonic,歼-15翼下,6.50,0.4962,500,1.50,14.0,歼-15 翼下；亚超结合；战斗部 500 kg；弹长不超过 6.5 m、弹径不超过 0.70 m、质量 1500 kg 射程 534 km,turbofan_rocket
subsonic,歼-15翼下·轰-6发射,6.50,0.5727,500,0.85,13.0,沿用歼-15翼下涡扇隐身，结构不变；发射条件改为轰-6 Ma 0.85 @ 13 km，射程 1307.1 km,turbofan_stealth
subsonic,歼-15翼下·轰-6发射,6.50,0.6244,500,0.85,13.0,沿用歼-15翼下涡喷亚音速，结构不变；发射条件改为轰-6 Ma 0.85 @ 13 km，射程 1140.1 km,turbojet_subsonic
subsonic,歼-15翼下·轰-6发射,6.50,0.4962,500,0.85,13.0,沿用歼-15翼下亚超结合，结构不变；发射条件改为轰-6 Ma 0.85 @ 13 km，射程 364.3 km,turbofan_rocket
