station_id,weapon_id,max_qty,notes
1,r73e,1,翼尖各 1 枚
2,r73e,1,翼外侧各 1 枚
3,fab250,6,多悬挂架；各 6 枚
3,fab500,2,串联/并联复合挂架；各 2 枚
3,kab500kr,1,
3,kh29l,1,
3,kh29t,1,
3,kh29te,1,
3,kh31a,1,
3,kh31p,1,
3,kh35e,1,
3,kh59me,1,翼中侧各 1 枚导弹
3,kh59mk,1,
3,ofab100,6,多悬挂架；各 6 枚
3,p50t,2,各 2 枚
3,r73e,1,翼中侧各 1 枚
3,s13_b13l,1,B-13L 发射巢；每巢 5 发
3,s25,1,
3,s8_b8m1,1,B-8M1 发射巢；每巢 20 发
4,fab250,2,各 2 枚
4,fab500,1,
4,kab1500kr,1,
4,kab500kr,1,
4,kh29l,1,
4,kh29t,1,
4,kh29te,1,
4,kh31a,1,
4,kh31p,1,
4,kh35e,1,
4,kh59mk,1,
4,ofab100,2,各 2 枚
4,p50t,1,
4,r27ep1,1,仅翼内侧
4,r27er1,1,
4,r27et1,1,仅翼内侧
4,r27p1,1,仅翼内侧
4,r27r1,1,
4,r27t1,1,仅翼内侧
4,rvv_ae,1,
4,s13_b13l,1,B-13L 发射巢；每巢 5 发
4,s25,1,
4,s8_b8m1,1,B-8M1 发射巢；每巢 20 发
5,apk9e,1,Kh-59ME 数据链吊舱；5 或 8 二选一
5,fab250,2,各 2 枚
5,kab500kr,1,
5,kh29l,1,
5,kh29t,1,
5,kh29te,1,
5,kh31a,1,
5,kh31p,1,
5,ofab100,2,各 2 枚
5,r27er1,1,
5,r27r1,1,
5,rvv_ae,1,
6,fab250,4,复合挂架；各 4 枚
6,fab500,1,
6,kab1500kr,1,机身中心线 6 或 7 二选一
6,ofab100,6,前后组合共 12 枚；本站最多 6
6,p50t,1,
6,r27er1,1,
6,r27r1,1,
6,rvv_ae,1,
7,fab250,4,复合挂架；各 4 枚
7,fab500,1,
7,kab1500kr,1,机身中心线 6 或 7 二选一
7,ofab100,6,前后组合共 12 枚；本站最多 6
7,p50t,1,
7,r27er1,1,
7,r27r1,1,
7,rvv_ae,1,
8,apk9e,1,Kh-59ME 数据链吊舱；5 或 8 二选一
8,fab250,2,各 2 枚
8,kab500kr,1,
8,kh29l,1,
8,kh29t,1,
8,kh29te,1,
8,kh31a,1,
8,kh31p,1,
8,ofab100,2,各 2 枚
8,r27er1,1,
8,r27r1,1,
8,rvv_ae,1,
9,fab250,2,各 2 枚
9,fab500,1,
9,kab1500kr,1,
9,kab500kr,1,
9,kh29l,1,
9,kh29t,1,
9,kh29te,1,
9,kh31a,1,
9,kh31p,1,
9,kh35e,1,
9,kh59mk,1,
9,ofab100,2,各 2 枚
9,p50t,1,
9,r27ep1,1,仅翼内侧
9,r27er1,1,
9,r27et1,1,仅翼内侧
9,r27p1,1,仅翼内侧
9,r27r1,1,
9,r27t1,1,仅翼内侧
9,rvv_ae,1,
9,s13_b13l,1,B-13L 发射巢；每巢 5 发
9,s25,1,
9,s8_b8m1,1,B-8M1 发射巢；每巢 20 发
10,fab250,6,多悬挂架；各 6 枚
10,fab500,2,串联/并联复合挂架；各 2 枚
10,kab500kr,1,
10,kh29l,1,
10,kh29t,1,
10,kh29te,1,
10,kh31a,1,
10,kh31p,1,
10,kh35e,1,
10,kh59me,1,翼中侧各 1 枚导弹
10,kh59mk,1,
10,ofab100,6,多悬挂架；各 6 枚
10,p50t,2,各 2 枚
10,r73e,1,翼中侧各 1 枚
10,s13_b13l,1,B-13L 发射巢；每巢 5 发
10,s25,1,
10,s8_b8m1,1,B-8M1 发射巢；每巢 20 发
11,r73e,1,翼外侧各 1 枚
12,r73e,1,翼尖各 1 枚
