aircraft_id,store_id,max_count,notes
Su-30,r27r1,6,R-27R1/ER1 谱系全机最多 6 枚
Su-30,r27er1,6,R-27R1/ER1 谱系全机最多 6 枚
Su-30,r27t1,2,红外/被动谱系仅翼内侧；全机最多 2 枚
Su-30,r27et1,2,红外/被动谱系仅翼内侧；全机最多 2 枚
Su-30,r27p1,2,红外/被动谱系仅翼内侧；全机最多 2 枚
Su-30,r27ep1,2,红外/被动谱系仅翼内侧；全机最多 2 枚
Su-30,rvv_ae,6,RVV-AE 全机最多 6 枚
Su-30,r73e,6,R-73E 全机最多 6 枚
Su-30,kh59me,2,Kh-59ME 全机最多 2 枚导弹
Su-30,apk9e,1,APK-9E 数据链吊舱全机最多 1 个（5 或 8）
Su-30,kh59mk,4,Kh-59MK 全机最多 4 枚
Su-30,kh35e,4,Kh-35E 全机最多 4 枚
Su-30,kh31a,6,Kh-31A 全机最多 6 枚
Su-30,kh31p,6,Kh-31P 全机最多 6 枚
Su-30,kh29t,6,Kh-29T 全机最多 6 枚
Su-30,kh29te,6,Kh-29TE 全机最多 6 枚
Su-30,kh29l,6,Kh-29L 全机最多 6 枚
Su-30,kab500kr,6,KAB-500KR 全机最多 6 枚
Su-30,kab1500kr,3,KAB-1500KR 全机最多 3 枚（4/9 + 6 或 7）
Su-30,fab500,8,FAB-500 族全机最多 8 枚
Su-30,fab250,28,FAB-250 族全机最多 28 枚
Su-30,ofab100,32,OFAB-100-120 全机最多 32 枚
Su-30,s8_b8m1,4,B-8M1 发射巢全机最多 4 个（80 发）
Su-30,s13_b13l,4,B-13L 发射巢全机最多 4 个（20 发）
Su-30,s25,4,S-25 全机最多 4 发
Su-30,p50t,8,P-50T 全机最多 8 枚
