station_id,weapon_id,max_qty,notes
1,amraam,1,
1,bvraam,1,
1,aim9,1,
1,asraam,1,
1,iris_t,1,
1,lgb,1,
1,jdam,1,
1,alarm,1,
1,harm,1,
1,brimstone,1,
1,bl755,1,
1,dws39,1,
1,harpoon,1,
1,penguin,1,
2,amraam,1,
2,bvraam,1,
2,aim9,2,双联装
2,asraam,2,双联装
2,iris_t,2,双联装
2,lgb,1,
2,storm_shadow,1,
2,taurus,1,
2,jdam,1,
2,alarm,1,
2,harm,1,
2,brimstone,1,
2,bl755,1,
2,dws39,1,
2,harpoon,1,
2,penguin,1,
3,aim9,2,双联装
3,asraam,2,双联装
3,iris_t,2,双联装
3,lgb,2,双联装
3,storm_shadow,1,
3,taurus,1,
3,jdam,2,双联装
3,alarm,1,
3,harm,1,
3,brimstone,1,
3,bl755,2,双联装
3,dws39,1,
3,harpoon,1,
3,penguin,1,
3,fuel,1,外挂副油箱
4,amraam,2,
4,bvraam,2,
4,sky_flash,1,
4,aspide,1,
5,lgb,1,
5,storm_shadow,1,
5,taurus,1,
5,jdam,1,
5,fuel,1,外挂副油箱
6,amraam,2,
6,bvraam,2,
6,sky_flash,1,
6,aspide,1,
7,aim9,2,双联装
7,asraam,2,双联装
7,iris_t,2,双联装
7,lgb,2,双联装
7,storm_shadow,1,
7,taurus,1,
7,jdam,2,双联装
7,alarm,1,
7,harm,1,
7,brimstone,1,
7,bl755,2,双联装
7,dws39,1,
7,harpoon,1,
7,penguin,1,
7,fuel,1,外挂副油箱
8,amraam,1,
8,bvraam,1,
8,aim9,2,双联装
8,asraam,2,双联装
8,iris_t,2,双联装
8,lgb,1,
8,storm_shadow,1,
8,taurus,1,
8,jdam,1,
8,alarm,1,
8,harm,1,
8,brimstone,1,
8,bl755,1,
8,dws39,1,
8,harpoon,1,
8,penguin,1,
9,amraam,1,
9,bvraam,1,
9,aim9,1,
9,asraam,1,
9,iris_t,1,
9,lgb,1,
9,jdam,1,
9,alarm,1,
9,harm,1,
9,brimstone,1,
9,bl755,1,
9,dws39,1,
9,harpoon,1,
9,penguin,1,
10,bk27,1,27 mm 内置航炮
